candidate,BA,MACROF1,Cohens_kappa,BA_mean,BA_std,MACROF1_mean,MACROF1_std,Cohens_kappa_mean,Cohens_kappa_std
proposed,58.09 ± 9.36,0.5099 ± 0.1388,0.1520 ± 0.1600,58.0920939491,9.3624169954,0.5098667857,0.1388158248,0.1520145594,0.1600474486
anterior_posterior,57.95 ± 7.09,0.5046 ± 0.1178,0.1420 ± 0.1321,57.9510965155,7.0882216870,0.5046395185,0.1177777763,0.1420412729,0.1320948850
uniform_coverage,57.61 ± 8.75,0.4935 ± 0.1418,0.1372 ± 0.1519,57.6066522186,8.7540295970,0.4935079327,0.1417930810,0.1372479210,0.1519004995
frontal_control,57.33 ± 9.76,0.4786 ± 0.1563,0.1309 ± 0.1724,57.3278500558,9.7644606072,0.4786188433,0.1562865316,0.1309121597,0.1724196996
right_hemisphere,57.19 ± 7.32,0.4913 ± 0.1126,0.1235 ± 0.1262,57.1862968044,7.3153723242,0.4912881311,0.1125639172,0.1235320014,0.1261670271
left_hemisphere,56.86 ± 8.33,0.4819 ± 0.1326,0.1227 ± 0.1424,56.8638578239,8.3330525710,0.4819134601,0.1325849290,0.1227050874,0.1423915765
parietal_attention,56.59 ± 9.75,0.4589 ± 0.1392,0.1047 ± 0.1741,56.5877377738,9.7510095811,0.4589230568,0.1392384963,0.1047177190,0.1741398515
temporal_lateral,56.25 ± 8.84,0.4777 ± 0.1349,0.1108 ± 0.1653,56.2503119739,8.8434902134,0.4776812244,0.1348665012,0.1108005963,0.1653241515
temporal_occipital,56.22 ± 6.15,0.4806 ± 0.1049,0.1071 ± 0.1074,56.2155958689,6.1535295363,0.4805671104,0.1048759996,0.1070982117,0.1074251737
occipital_alpha,55.86 ± 7.61,0.4691 ± 0.1135,0.0997 ± 0.1332,55.8578667395,7.6061114369,0.4690578766,0.1134661658,0.0997339543,0.1332113322
