candidate,BA,MACROF1,Cohens_kappa,BA_mean,BA_std,MACROF1_mean,MACROF1_std,Cohens_kappa_mean,Cohens_kappa_std
proposed,0.7970 ± 0.0042,0.7980 ± 0.0042,0.5961 ± 0.0083,0.7970190000,0.0042329884,0.7979652000,0.0041650422,0.5961498000,0.0082776319
left_temporal,0.7944 ± 0.0030,0.7957 ± 0.0030,0.5918 ± 0.0061,0.7944366000,0.0029974386,0.7956906000,0.0030433641,0.5918250000,0.0061142400
occipital,0.7934 ± 0.0063,0.7948 ± 0.0063,0.5902 ± 0.0125,0.7933802000,0.0063130789,0.7947916000,0.0063003658,0.5901882000,0.0124891794
anterior_temporal,0.7924 ± 0.0067,0.7938 ± 0.0069,0.5883 ± 0.0140,0.7924258000,0.0066910213,0.7938386000,0.0069213972,0.5883222000,0.0140058582
right_temporal,0.7921 ± 0.0112,0.7935 ± 0.0110,0.5878 ± 0.0215,0.7920702000,0.0111761238,0.7935210000,0.0110262994,0.5878072000,0.0215365578
parasagittal,0.7919 ± 0.0065,0.7935 ± 0.0067,0.5878 ± 0.0136,0.7919038000,0.0064717168,0.7934836000,0.0066946918,0.5877734000,0.0135992989
symmetric_pairs,0.7916 ± 0.0041,0.7931 ± 0.0039,0.5868 ± 0.0075,0.7916382000,0.0041208086,0.7930736000,0.0038988756,0.5868130000,0.0074908089
frontotemporal,0.7912 ± 0.0082,0.7924 ± 0.0085,0.5854 ± 0.0170,0.7911546000,0.0082462904,0.7924444000,0.0084567130,0.5854148000,0.0170365755
centrotemporal,0.7905 ± 0.0048,0.7920 ± 0.0051,0.5850 ± 0.0104,0.7905032000,0.0048373808,0.7920498000,0.0050762469,0.5850116000,0.0103507474
frontopolar,0.7882 ± 0.0035,0.7894 ± 0.0034,0.5793 ± 0.0068,0.7881730000,0.0035317612,0.7893970000,0.0034430203,0.5792766000,0.0067822388
